{
    "Twonorm.arff": 0.8274147727272727,
    "Ring.arff": 0.7776988636363636,
    "Banana.arff": 0.5380859375,
    "gamma": 0.7287176724137931,
    "spam": 0.6852678571428571
}